<?xml version='1.0' encoding='utf-8'?>
<!DOCTYPE hibernate-configuration PUBLIC
"-//Hibernate/Hibernate Configuration DTD 3.0//EN"
"http://www.hibernate.org/dtd/hibernate-configuration-3.0.dtd">
<hibernate-configuration>       
  <session-factory>
    <!-- Database connection settings -->
    <property name="connection.driver_class">com.mysql.jdbc.Driver</property>
    <property name="connection.url">jdbc:mysql://localhost:3306/hibernatedemo</property>
    <property name="connection.username">root</property>
    <property name="connection.password">Bh@rathreddy1234</property>
    
    <!-- JDBC connection pool (use the built-in) -->
 <property name="connection.pool_size">1</property>
 
<!-- SQL dialect -->
<property name="dialect">org.hibernate.dialect.MySQL5Dialect</property>

<!-- Echo all executed SQL to stdout -->
<property name="show_sql">true</property>

<!-- Drop and recreate the database  schema on startup -->
<property name ="hbm2ddl.auto">create</property>

<property name="current_session_context_class">thread</property>
<!-- Disable the second-level cache-->
<property name="cache.provider_class">org.hibernate.cache.internal.NoCacheProvider</property>



<!-- Drop and re-create the database schema on startup -->
<property name="hbm2ddl.auto">create</property>
    
    <mapping resource="com/ecommerce/Eproduct.hbm.xml" />
    
    <mapping resource="com/hibernatedemo/Color.hbm.xml" />
    <mapping resource="com/hibernatedemo/OS.hbm.xml" />
    <mapping resource="com/hibernatedemo/Finance.hbm.xml" />
    <mapping resource="com/hibernatedemo/ScreenSize.hbm.xml" />
    
  </session-factory>
</hibernate-configuration>